candidateId,candidateType,candidateTypeName,candidateCatalogName,candidateX,candidateY,candidateSurveyConfidence,currentClassification,previewStoredClassification,nearestSameTypeId,nearestSameTypeName,nearestSameTypeType,nearestSameTypeDistance,nearestSameTypeStatus,nearestSameTypeConfidence,nearestAnyTypeId,nearestAnyTypeName,nearestAnyTypeType,nearestAnyTypeDistance,nearestAnyTypeStatus,nearestAnyTypeConfidence,nearbyDifferentHerb,anyTypeWithin150NoSameTypeWithin300,candidateTypeKnownInCatalog,possibleDigitMisclassification,possibleExistingMarkerTypeIssue
wildflower-candidate-001,wisteria,Wisteria,Wisteria,8075.949766321913,5994.948523384715,medium,New Survey Target,New Survey Target,cf132cb6-97b6-4fb2-90a3-8c48742c9a90,Wisteria,wisteria,4519.067492515601,verified,exact,cee46e36-9789-49d5-b9e9-b4629ead7a9e,Evergreen Huckleberry,evergreen-huckleberry,232.0248202663569,unverified,exact,False,False,True,False,False
wildflower-candidate-002,wisteria,Wisteria,Wisteria,7953.36305524046,5815.249879363518,medium,New Survey Target,New Survey Target,cf132cb6-97b6-4fb2-90a3-8c48742c9a90,Wisteria,wisteria,4316.114135361611,verified,exact,cee46e36-9789-49d5-b9e9-b4629ead7a9e,Evergreen Huckleberry,evergreen-huckleberry,127.8054254573807,unverified,exact,False,True,True,True,True
wildflower-candidate-003,wisteria,Wisteria,Wisteria,7814.447031864739,5688.611070521823,medium,New Survey Target,New Survey Target,cf132cb6-97b6-4fb2-90a3-8c48742c9a90,Wisteria,wisteria,4130.176973136558,verified,exact,258b19e1-1b2d-4ef5-ae93-071451ab95cc,Evergreen Huckleberry,evergreen-huckleberry,223.67881865962727,unverified,exact,False,False,True,False,False
wildflower-candidate-004,wisteria,Wisteria,Wisteria,7746.941087183064,5178.27958158902,medium,New Survey Target,New Survey Target,cf132cb6-97b6-4fb2-90a3-8c48742c9a90,Wisteria,wisteria,3810.4524237529818,verified,exact,a2982d1a-5877-494b-9338-2fbb299009c7,Violet Snowdrops,violet-snowdrops,88.84234937929212,verified,guess,True,True,True,True,True
wildflower-candidate-005,bitterweed,Bitterweed,Bitterweed,7665.20862915383,5019.018118488535,medium,New Survey Target,New Survey Target,d20dfd1d-4790-4e45-b076-dbe4fa76e8a3,Bitterweed,bitterweed,3448.653259589767,verified,exact,a2982d1a-5877-494b-9338-2fbb299009c7,Violet Snowdrops,violet-snowdrops,210.1658363399004,verified,guess,False,False,True,False,False
wildflower-candidate-006,wisteria,Wisteria,Wisteria,7822.470041284201,4961.964329969014,medium,New Survey Target,New Survey Target,cf132cb6-97b6-4fb2-90a3-8c48742c9a90,Wisteria,wisteria,3782.820403872899,verified,exact,a2982d1a-5877-494b-9338-2fbb299009c7,Violet Snowdrops,violet-snowdrops,305.53461706953914,verified,guess,False,False,True,False,False
wildflower-candidate-007,bitterweed,Bitterweed,Bitterweed,8016.490782984496,4876.357395158163,medium,New Survey Target,New Survey Target,d20dfd1d-4790-4e45-b076-dbe4fa76e8a3,Bitterweed,bitterweed,3788.929983630443,verified,exact,a2982d1a-5877-494b-9338-2fbb299009c7,Violet Snowdrops,violet-snowdrops,491.5859468892181,verified,guess,False,False,True,False,False
wildflower-candidate-008,bitterweed,Bitterweed,Bitterweed,3753.7721458652636,4832.861671920505,medium,New Survey Target,New Survey Target,d20dfd1d-4790-4e45-b076-dbe4fa76e8a3,Bitterweed,bitterweed,498.2601406320935,verified,exact,2a8bd5a1-fde3-4270-9b6d-1b4902fa0d31,Alaskan Ginseng,alaskan-ginseng,20.228327107147265,verified,exact,True,True,True,True,True
wildflower-candidate-009,bitterweed,Bitterweed,Bitterweed,4235.775520536411,4694.3652199886255,medium,Already Covered,Already Covered,d20dfd1d-4790-4e45-b076-dbe4fa76e8a3,Bitterweed,bitterweed,4.014770346882135,verified,exact,d20dfd1d-4790-4e45-b076-dbe4fa76e8a3,Bitterweed,bitterweed,4.014770346882135,verified,exact,False,False,True,False,False
wildflower-candidate-010,bitterweed,Bitterweed,Bitterweed,4642.234248466037,4694.6200567828855,medium,New Survey Target,New Survey Target,d20dfd1d-4790-4e45-b076-dbe4fa76e8a3,Bitterweed,bitterweed,410.23744733809184,verified,exact,8a2d23e6-5583-40d6-95de-ef130c198741,Chocolate Daisy,chocolate-daisy,334.13640280784705,verified,exact,False,False,True,False,False
wildflower-candidate-011,wild-rhubarb,Wild Rhubarb,Wild Rhubarb,7887.744342182334,4537.444669751996,medium,New Survey Target,New Survey Target,5e6fc983-1adf-488b-8bf7-101070137bfc,Wild Rhubarb,wild-rhubarb,4547.944312699345,verified,approximate,b0ed4d15-95cf-429e-9f51-2e7335fe5783,Evergreen Huckleberry,evergreen-huckleberry,600.2250805316006,unverified,guess,False,False,True,False,False
wildflower-candidate-012,creek-plum,Creek Plum,Creek Plum,4442.017436193618,4441.391101401918,medium,New Survey Target,New Survey Target,,,,,,,d20dfd1d-4790-4e45-b076-dbe4fa76e8a3,Bitterweed,bitterweed,327.7413024918898,verified,exact,False,False,True,False,False
wildflower-candidate-013,bitterweed,Bitterweed,Bitterweed,4642.1739556898265,4396.611146716978,medium,New Survey Target,New Survey Target,d20dfd1d-4790-4e45-b076-dbe4fa76e8a3,Bitterweed,bitterweed,506.0523947939232,verified,exact,8a2d23e6-5583-40d6-95de-ef130c198741,Chocolate Daisy,chocolate-daisy,333.6409095670316,verified,exact,False,False,True,False,False
wildflower-candidate-014,bitterweed,Bitterweed,Bitterweed,7648.742212738316,4394.413856805839,medium,New Survey Target,New Survey Target,d20dfd1d-4790-4e45-b076-dbe4fa76e8a3,Bitterweed,bitterweed,3429.763990891427,verified,exact,e3b994e6-6922-4d4a-8040-89ded0f80e53,Evergreen Huckleberry,evergreen-huckleberry,425.3311394593173,unverified,guess,False,False,True,False,False
wildflower-candidate-015,wild-rhubarb,Wild Rhubarb,Wild Rhubarb,5314.137837573504,4294.974613896013,medium,New Survey Target,New Survey Target,5e6fc983-1adf-488b-8bf7-101070137bfc,Wild Rhubarb,wild-rhubarb,2457.9629418579093,verified,approximate,3fd99e86-b5d9-46fe-908e-f023165dfaf7,Chocolate Daisy,chocolate-daisy,70.25504493459181,verified,exact,True,True,True,True,True
wildflower-candidate-016,bitterweed,Bitterweed,Bitterweed,4868.8401071235985,4139.567520162809,medium,New Survey Target,New Survey Target,d20dfd1d-4790-4e45-b076-dbe4fa76e8a3,Bitterweed,bitterweed,843.7137143486166,verified,exact,7561d918-8201-43dc-ae7f-6e17ab91a4f6,Creeping Thyme,creeping-thyme,377.66562661677466,verified,exact,False,False,True,False,False
wildflower-candidate-017,cardinal-flower,Cardinal Flower,Cardinal Flower,7581.27591262182,4080.0334320259617,medium,New Survey Target,New Survey Target,,,,,,,e3b994e6-6922-4d4a-8040-89ded0f80e53,Evergreen Huckleberry,evergreen-huckleberry,110.62283591438649,unverified,guess,True,True,True,True,True
wildflower-candidate-018,cardinal-flower,Cardinal Flower,Cardinal Flower,7370.8771288492235,3977.8436856616786,medium,New Survey Target,New Survey Target,,,,,,,fbda7348-6658-4afa-b345-6b0a7026a002,Vanilla Flower,vanilla-flower,60.2257328771154,unverified,exact,True,True,True,True,True
wildflower-candidate-019,blood-flower,Blood Flower,Blood Flower,7669.071466744139,3920.87825763866,medium,New Survey Target,New Survey Target,e52bfdc0-62da-4fd0-86f1-5a21c6201563,Blood Flower,blood-flower,672.0960860699306,unverified,exact,c59f04b0-53cb-41e2-9873-e19b4b5ed9bc,Evergreen Huckleberry,evergreen-huckleberry,38.13054380280954,unverified,exact,True,True,True,True,True
wildflower-candidate-020,agarita,Agarita,Agarita,5612.257015980266,3866.5186267497393,medium,New Survey Target,New Survey Target,,,,,,,209f9a57-31da-4f85-bd9f-44f4198510e1,Chocolate Daisy,chocolate-daisy,13.008186018134362,unverified,exact,True,True,True,True,True
wildflower-candidate-021,blood-flower,Blood Flower,Blood Flower,6427.206240940282,3813.9595010504145,medium,New Survey Target,New Survey Target,e52bfdc0-62da-4fd0-86f1-5a21c6201563,Blood Flower,blood-flower,723.9323017259701,unverified,exact,c4ba2fb1-63a9-41d1-a76f-502a3b3a6891,Hummingbird Sage,hummingbird-sage,22.609295759632886,verified,exact,True,True,True,True,True
wildflower-candidate-022,creek-plum,Creek Plum,Creek Plum,6809.164805965195,3863.186736840036,medium,New Survey Target,New Survey Target,,,,,,,690689d9-4adf-456c-8746-29b7c5fdded0,Creeping Thyme,creeping-thyme,210.02067514117346,verified,exact,False,False,True,False,False
wildflower-candidate-023,wisteria,Wisteria,Wisteria,4080.375736247909,3857.393558897329,medium,Already Covered,Already Covered,4f77bafa-4a8a-48aa-817a-c688fab53ccb,Wisteria,wisteria,12.076489513798807,verified,exact,4f77bafa-4a8a-48aa-817a-c688fab53ccb,Wisteria,wisteria,12.076489513798807,verified,exact,False,False,True,False,False
wildflower-candidate-024,cardinal-flower,Cardinal Flower,Cardinal Flower,7524.039487855092,3851.388000747518,medium,New Survey Target,New Survey Target,,,,,,,6de8d6c4-cef6-4bf8-895f-3285f3ab6a43,Vanilla Flower,vanilla-flower,57.39607763882061,unverified,exact,True,True,True,True,True
wildflower-candidate-025,cardinal-flower,Cardinal Flower,Cardinal Flower,7740.5294492877765,3773.9597800656697,medium,New Survey Target,New Survey Target,,,,,,,92234f9f-a45a-479e-9e53-9df37c84c7b7,Vanilla Flower,vanilla-flower,34.340245835289444,unverified,exact,True,True,True,True,True
wildflower-candidate-026,cardinal-flower,Cardinal Flower,Cardinal Flower,7372.865123742603,3708.412253038312,medium,New Survey Target,New Survey Target,,,,,,,3948fcb6-612a-4198-8393-b782754047bd,Milkweed,milkweed,83.14076824054158,unverified,exact,True,True,True,True,True
wildflower-candidate-027,chocolate-daisy,Chocolate Daisy,Chocolate Daisy,6502.746758039597,3654.796643141678,medium,Possible Match,Possible Match,508860bb-505f-4211-a650-042fa94e73f4,Chocolate Daisy,chocolate-daisy,138.00608685238836,verified,exact,b15cb9b5-96c0-459c-9750-6c8972775540,Evergreen Huckleberry,evergreen-huckleberry,25.8810524722083,verified,exact,True,False,True,False,False
wildflower-candidate-028,blood-flower,Blood Flower,Blood Flower,7693.5262035845835,3647.378597634738,medium,New Survey Target,New Survey Target,e52bfdc0-62da-4fd0-86f1-5a21c6201563,Blood Flower,blood-flower,596.413812401485,unverified,exact,dcff1b43-cd47-4022-a0b0-f07e377529df,Milkweed,milkweed,71.61100788919298,unverified,exact,True,True,True,True,True
wildflower-candidate-029,cardinal-flower,Cardinal Flower,Cardinal Flower,7564.848314843043,3647.2979206596706,medium,New Survey Target,New Survey Target,,,,,,,03b0dd40-5b7c-413f-b017-ebd8a65408de,Vanilla Flower,vanilla-flower,90.13800195589623,unverified,exact,True,True,True,True,True
wildflower-candidate-030,blood-flower,Blood Flower,Blood Flower,7213.538079445376,3651.1599735483874,medium,Possible Match,Possible Match,e52bfdc0-62da-4fd0-86f1-5a21c6201563,Blood Flower,blood-flower,144.44615421399934,unverified,exact,5a42a3ee-2d35-4d4b-82c5-895e296c744d,Evergreen Huckleberry,evergreen-huckleberry,76.96964500230082,unverified,exact,True,False,True,False,False
wildflower-candidate-031,chocolate-daisy,Chocolate Daisy,Chocolate Daisy,6382.2306346956475,3613.897950149041,medium,Possible Match,Possible Match,dded7605-6fa8-46c3-bec0-9143e42a2a4f,Chocolate Daisy,chocolate-daisy,147.28517433318206,verified,exact,ea0012b8-e955-4555-bff8-10e603bde34f,Burdock Root,burdock-root,107.71801039867746,verified,exact,True,False,True,False,False
wildflower-candidate-032,creek-plum,Creek Plum,Creek Plum,4343.7987394662805,3559.549844542273,medium,New Survey Target,New Survey Target,,,,,,,64143c7f-e9c6-452f-bee5-0f9c3b4e1d03,Creeping Thyme,creeping-thyme,115.65289638939731,verified,exact,True,True,True,True,True
wildflower-candidate-033,blood-flower,Blood Flower,Blood Flower,7023.56683516311,3561.229974562721,medium,Already Covered,Already Covered,e52bfdc0-62da-4fd0-86f1-5a21c6201563,Blood Flower,blood-flower,80.54431507238452,unverified,exact,e52bfdc0-62da-4fd0-86f1-5a21c6201563,Blood Flower,blood-flower,80.54431507238452,unverified,exact,False,False,True,False,False
wildflower-candidate-034,chocolate-daisy,Chocolate Daisy,Chocolate Daisy,6498.623752990299,3467.007645487979,medium,Already Covered,Already Covered,dded7605-6fa8-46c3-bec0-9143e42a2a4f,Chocolate Daisy,chocolate-daisy,40.61778011782311,verified,exact,dded7605-6fa8-46c3-bec0-9143e42a2a4f,Chocolate Daisy,chocolate-daisy,40.61778011782311,verified,exact,False,False,True,False,False
wildflower-candidate-035,wisteria,Wisteria,Wisteria,4366.233270204138,3396.271377537466,medium,Already Covered,Already Covered,cf132cb6-97b6-4fb2-90a3-8c48742c9a90,Wisteria,wisteria,12.769613754863583,verified,exact,cf132cb6-97b6-4fb2-90a3-8c48742c9a90,Wisteria,wisteria,12.769613754863583,verified,exact,False,False,True,False,False
wildflower-candidate-036,chocolate-daisy,Chocolate Daisy,Chocolate Daisy,6345.407708635749,3328.1129310283864,medium,Already Covered,Already Covered,c95be721-9047-439d-8a0c-715c2e0ded2f,Chocolate Daisy,chocolate-daisy,4.410396063045895,verified,exact,c95be721-9047-439d-8a0c-715c2e0ded2f,Chocolate Daisy,chocolate-daisy,4.410396063045895,verified,exact,False,False,True,False,False
wildflower-candidate-037,blood-flower,Blood Flower,Blood Flower,7601.546525708315,3316.6535504659137,medium,New Survey Target,New Survey Target,e52bfdc0-62da-4fd0-86f1-5a21c6201563,Blood Flower,blood-flower,552.5567491652384,unverified,exact,074b7f27-2bed-4228-9087-fb556cdc420f,Cardinal Flower,alaskan-ginseng,234.37509676774346,verified,exact,False,False,True,False,False
wildflower-candidate-038,cardinal-flower,Cardinal Flower,Cardinal Flower,7711.831121845613,3263.652622284078,medium,New Survey Target,New Survey Target,,,,,,,bd4adddd-dc35-4fba-bb1b-4e5d9599a05e,Vanilla Flower,vanilla-flower,288.7816383611313,unverified,exact,False,False,True,False,False
wildflower-candidate-039,creek-plum,Creek Plum,Creek Plum,6439.324999770482,3140.3854015461675,medium,New Survey Target,New Survey Target,,,,,,,72ca3683-3ab4-4faf-9053-667b7b3a673b,Chanterelles,chanterelles,21.764351638710593,unverified,exact,True,True,True,True,True
wildflower-candidate-040,texas-bluebonnet,Texas Bluebonnet,Texas Bluebonnet,5285.300754153212,3098.838731579181,medium,Already Covered,Already Covered,5384c068-5f9d-4cb3-bcd4-fb1f28c2de3d,Texas Bluebonnet,texas-bluebonnet,26.314124338264364,verified,exact,9895d9c2-0166-4aed-821d-1a5a1196ae78,American Ginseng,american-ginseng,15.410840712865905,verified,exact,False,False,True,False,False
wildflower-candidate-041,agarita,Agarita,Agarita,6539.37889462957,2997.567166026378,medium,New Survey Target,New Survey Target,,,,,,,72ca3683-3ab4-4faf-9053-667b7b3a673b,Chanterelles,chanterelles,170.49279469609192,unverified,exact,False,False,True,False,False
wildflower-candidate-042,texas-bluebonnet,Texas Bluebonnet,Texas Bluebonnet,5238.307710151211,3029.255358823077,medium,Already Covered,Already Covered,33c448dd-3430-49d9-b140-de4cd81cca06,Texas Bluebonnet,texas-bluebonnet,33.84127526167965,verified,exact,707ab498-6722-4b20-9dbf-6f71f830de65,Raspberry,raspberry,31.450000719763118,verified,exact,False,False,True,False,False
wildflower-candidate-043,creek-plum,Creek Plum,Creek Plum,6902.938385551152,2965.1365998034616,medium,New Survey Target,New Survey Target,,,,,,,3f77bf85-8570-4cf7-9ff9-c89e22bb2abe,Raspberry,raspberry,472.35343219663326,verified,exact,False,False,True,False,False
wildflower-candidate-044,blood-flower,Blood Flower,Blood Flower,7487.091020672126,2945.091278475933,medium,New Survey Target,New Survey Target,e52bfdc0-62da-4fd0-86f1-5a21c6201563,Blood Flower,blood-flower,721.9356021120095,unverified,exact,749bf0c7-ae0e-4162-9a8d-0405149f5ecd,Vanilla Flower,vanilla-flower,518.3741757256591,unverified,exact,False,False,True,False,False
wildflower-candidate-045,wisteria,Wisteria,Wisteria,3896.3428728641015,2832.6175331094637,medium,Already Covered,Already Covered,03397457-8579-4c40-8b2e-63ba5ba6ea6c,Wisteria,wisteria,107.50185208814301,verified,exact,a11bb51a-7886-46fd-a3aa-980338f4a770,Creeping Thyme,creeping-thyme,100.44954081521495,verified,exact,False,False,True,False,False
wildflower-candidate-046,agarita,Agarita,Agarita,6516.878289616413,2834.2605261096433,medium,New Survey Target,New Survey Target,,,,,,,72ca3683-3ab4-4faf-9053-667b7b3a673b,Chanterelles,chanterelles,303.95819257440354,unverified,exact,False,False,True,False,False
wildflower-candidate-047,blood-flower,Blood Flower,Blood Flower,7615.742479703547,2814.5379126823827,medium,New Survey Target,New Survey Target,e52bfdc0-62da-4fd0-86f1-5a21c6201563,Blood Flower,blood-flower,901.737387844803,unverified,exact,749bf0c7-ae0e-4162-9a8d-0405149f5ecd,Vanilla Flower,vanilla-flower,689.0245622804197,unverified,exact,False,False,True,False,False
wildflower-candidate-048,texas-bluebonnet,Texas Bluebonnet,Texas Bluebonnet,4888.986005015467,2759.7582492883503,medium,Already Covered,Already Covered,ed8abe25-aef6-4fac-bac2-1d763eaefb54,Texas Bluebonnet,texas-bluebonnet,121.04576153836646,verified,approximate,c89ca44f-4187-411d-bf63-2b89e53ebc07,Oregano,oregano,61.68572876461362,verified,exact,False,False,True,False,False
wildflower-candidate-049,texas-bluebonnet,Texas Bluebonnet,Texas Bluebonnet,5060.552393695314,2739.4542494058433,medium,Already Covered,Already Covered,5df14069-ce15-4084-8191-9dc1a8bdb0a4,Texas Bluebonnet,texas-bluebonnet,3.4981391842508573,verified,exact,5df14069-ce15-4084-8191-9dc1a8bdb0a4,Texas Bluebonnet,texas-bluebonnet,3.4981391842508573,verified,exact,False,False,True,False,False
wildflower-candidate-050,texas-bluebonnet,Texas Bluebonnet,Texas Bluebonnet,4664.29876326222,2702.4649910174394,medium,Already Covered,Already Covered,68646eb8-55d0-40ac-b49d-43bd069bf3e2,Texas Bluebonnet,texas-bluebonnet,73.93280394432828,verified,approximate,68646eb8-55d0-40ac-b49d-43bd069bf3e2,Texas Bluebonnet,texas-bluebonnet,73.93280394432828,verified,approximate,False,False,True,False,False
wildflower-candidate-051,wisteria,Wisteria,Wisteria,4031.118546693259,2685.738753730554,medium,Already Covered,Already Covered,03397457-8579-4c40-8b2e-63ba5ba6ea6c,Wisteria,wisteria,96.16563661835069,verified,exact,03397457-8579-4c40-8b2e-63ba5ba6ea6c,Wisteria,wisteria,96.16563661835069,verified,exact,False,False,True,False,False
wildflower-candidate-052,cardinal-flower,Cardinal Flower,Cardinal Flower,7284.831702229208,2691.8610425080597,medium,New Survey Target,New Survey Target,,,,,,,806ec1f1-3df0-4689-9b02-171264664fae,Vanilla Flower,vanilla-flower,738.7328937539337,verified,exact,False,False,True,False,False
wildflower-candidate-053,agarita,Agarita,Agarita,6582.198016578813,2634.2681269011846,medium,New Survey Target,New Survey Target,,,,,,,72ca3683-3ab4-4faf-9053-667b7b3a673b,Chanterelles,chanterelles,514.3428078093315,unverified,exact,False,False,True,False,False
wildflower-candidate-054,cardinal-flower,Cardinal Flower,Cardinal Flower,7491.109958737829,2618.5087327282017,medium,New Survey Target,New Survey Target,,,,,,,749bf0c7-ae0e-4162-9a8d-0405149f5ecd,Vanilla Flower,vanilla-flower,833.9522778799078,unverified,exact,False,False,True,False,False
wildflower-candidate-055,wisteria,Wisteria,Wisteria,4153.648268712266,2583.7577430319216,medium,Possible Match,Possible Match,03397457-8579-4c40-8b2e-63ba5ba6ea6c,Wisteria,wisteria,251.86410101703933,verified,exact,41c273e5-1a55-403c-ab93-55824fe65e0c,Bay Bolete,bay-bolete,187.63184197737297,verified,exact,False,False,True,False,False
wildflower-candidate-056,wild-rhubarb,Wild Rhubarb,Wild Rhubarb,3295.784940032264,2530.1498166567235,medium,Possible Match,Possible Match,e6af6c00-51a5-4afa-b2ad-1b6d4fc511c2,Wild Rhubarb,wild-rhubarb,297.7582012422252,verified,approximate,e6af6c00-51a5-4afa-b2ad-1b6d4fc511c2,Wild Rhubarb,wild-rhubarb,297.7582012422252,verified,approximate,False,False,True,False,False
wildflower-candidate-057,wild-rhubarb,Wild Rhubarb,Wild Rhubarb,2589.048071615161,2382.743435472612,medium,Possible Match,Possible Match,987f93b7-1ce6-4e36-aa49-ccd3223c8ed7,Wild Rhubarb,wild-rhubarb,273.9312468597267,verified,approximate,987f93b7-1ce6-4e36-aa49-ccd3223c8ed7,Wild Rhubarb,wild-rhubarb,273.9312468597267,verified,approximate,False,False,True,False,False
wildflower-candidate-058,wild-rhubarb,Wild Rhubarb,Wild Rhubarb,2717.717701072288,2342.000974082487,medium,Possible Match,Possible Match,987f93b7-1ce6-4e36-aa49-ccd3223c8ed7,Wild Rhubarb,wild-rhubarb,194.0376234644785,verified,approximate,987f93b7-1ce6-4e36-aa49-ccd3223c8ed7,Wild Rhubarb,wild-rhubarb,194.0376234644785,verified,approximate,False,False,True,False,False
wildflower-candidate-059,wild-rhubarb,Wild Rhubarb,Wild Rhubarb,1802.6716329742403,2325.0980158025986,medium,Possible Match,Possible Match,e5d67102-6bd3-4f77-9956-08c973e029a2,Wild Rhubarb,wild-rhubarb,241.29097989912148,verified,approximate,e5d67102-6bd3-4f77-9956-08c973e029a2,Wild Rhubarb,wild-rhubarb,241.29097989912148,verified,approximate,False,False,True,False,False
wildflower-candidate-060,wild-rhubarb,Wild Rhubarb,Wild Rhubarb,3602.0964431889424,2211.921425444093,medium,Already Covered,Already Covered,44110eb3-343f-4f46-8a49-d37fb78dc1b9,Wild Rhubarb,wild-rhubarb,1.5638733988728828,verified,approximate,44110eb3-343f-4f46-8a49-d37fb78dc1b9,Wild Rhubarb,wild-rhubarb,1.5638733988728828,verified,approximate,False,False,True,False,False
wildflower-candidate-061,wild-rhubarb,Wild Rhubarb,Wild Rhubarb,4194.41910299192,2191.8812264641874,medium,Possible Match,Possible Match,5e6fc983-1adf-488b-8bf7-101070137bfc,Wild Rhubarb,wild-rhubarb,238.95105492413788,verified,approximate,5e6fc983-1adf-488b-8bf7-101070137bfc,Wild Rhubarb,wild-rhubarb,238.95105492413788,verified,approximate,False,False,True,False,False
wildflower-candidate-062,wild-rhubarb,Wild Rhubarb,Wild Rhubarb,3902.3250279699455,2114.134139642788,medium,Possible Match,Possible Match,5e6fc983-1adf-488b-8bf7-101070137bfc,Wild Rhubarb,wild-rhubarb,141.59506456205375,verified,approximate,59694e1b-d266-4a7a-be55-e51e4468f333,English Mace,english-mace,109.35018379194985,verified,exact,True,False,True,False,False
wildflower-candidate-063,wild-rhubarb,Wild Rhubarb,Wild Rhubarb,2719.712303393197,2105.228052151274,medium,Already Covered,Already Covered,94080f9b-e315-4440-babe-949bd11dd685,Wild Rhubarb,wild-rhubarb,14.52616249180533,verified,approximate,94080f9b-e315-4440-babe-949bd11dd685,Wild Rhubarb,wild-rhubarb,14.52616249180533,verified,approximate,False,False,True,False,False
wildflower-candidate-064,bitterweed,Bitterweed,Bitterweed,1845.5180105620443,2096.5153332825403,medium,New Survey Target,New Survey Target,d20dfd1d-4790-4e45-b076-dbe4fa76e8a3,Bitterweed,bitterweed,3526.617204972865,verified,exact,e5d67102-6bd3-4f77-9956-08c973e029a2,Wild Rhubarb,wild-rhubarb,11.729603188637238,verified,approximate,True,True,True,True,True
wildflower-candidate-065,bitterweed,Bitterweed,Bitterweed,1984.3985190147926,2047.614647153906,medium,New Survey Target,New Survey Target,d20dfd1d-4790-4e45-b076-dbe4fa76e8a3,Bitterweed,bitterweed,3471.2787387905846,verified,exact,e5d67102-6bd3-4f77-9956-08c973e029a2,Wild Rhubarb,wild-rhubarb,150.28559613895214,verified,approximate,False,False,True,False,False
wildflower-candidate-066,wild-rhubarb,Wild Rhubarb,Wild Rhubarb,4372.075017474972,1983.7946318625118,medium,New Survey Target,New Survey Target,5e6fc983-1adf-488b-8bf7-101070137bfc,Wild Rhubarb,wild-rhubarb,485.9733458363115,verified,approximate,174d1fa5-22c1-4853-8bef-9d22d8abb1b0,English Mace,english-mace,404.7407921840782,verified,exact,False,False,True,False,False
wildflower-candidate-067,wild-rhubarb,Wild Rhubarb,Wild Rhubarb,2640.0231774629056,1950.0501834742145,medium,Possible Match,Possible Match,94080f9b-e315-4440-babe-949bd11dd685,Wild Rhubarb,wild-rhubarb,171.29420464158605,verified,approximate,94080f9b-e315-4440-babe-949bd11dd685,Wild Rhubarb,wild-rhubarb,171.29420464158605,verified,approximate,False,False,True,False,False
wildflower-candidate-068,wild-rhubarb,Wild Rhubarb,Wild Rhubarb,1945.5586905660723,1888.380076378442,medium,Already Covered,Already Covered,a4a03a4e-7424-41bc-b4c5-917469b626c2,Wild Rhubarb,wild-rhubarb,67.19191285277925,verified,approximate,a4a03a4e-7424-41bc-b4c5-917469b626c2,Wild Rhubarb,wild-rhubarb,67.19191285277925,verified,approximate,False,False,True,False,False
wildflower-candidate-069,bitterweed,Bitterweed,Bitterweed,3581.162463565543,1817.8571687294655,medium,New Survey Target,New Survey Target,d20dfd1d-4790-4e45-b076-dbe4fa76e8a3,Bitterweed,bitterweed,2947.886666586492,verified,exact,285fe123-334d-4a0b-9e87-16ed5429835d,Wild Rhubarb,wild-rhubarb,22.228099915930592,verified,approximate,True,True,True,True,True
wildflower-candidate-070,texas-bluebonnet,Texas Bluebonnet,Texas Bluebonnet,1351.1563578127386,1724.7148721280746,medium,Already Covered,Already Covered,06767974-0192-419a-b7be-fe014f3d7ce8,Texas Blue Bonnet,texas-bluebonnet,14.739036396105206,verified,approximate,06767974-0192-419a-b7be-fe014f3d7ce8,Texas Blue Bonnet,texas-bluebonnet,14.739036396105206,verified,approximate,False,False,True,False,False
wildflower-candidate-071,texas-bluebonnet,Texas Bluebonnet,Texas Bluebonnet,2294.766127017029,1586.5078328369127,medium,Possible Match,Possible Match,ea019f47-bdd8-42e9-9d30-36c3fdc79506,Texas Bluebonnet,texas-bluebonnet,239.9950939157138,verified,approximate,55d4701f-f623-438d-b56a-7368a782f693,Parasol Mushroom,parasol-mushroom,13.24361311423971,verified,exact,True,False,True,False,False
wildflower-candidate-072,texas-bluebonnet,Texas Bluebonnet,Texas Bluebonnet,991.6298457403593,1499.9622278240886,medium,Possible Match,Possible Match,c80b373d-e8bb-414c-b9c8-b8e33d37799f,Texas Blue Bonnet,texas-bluebonnet,189.99568435421315,verified,approximate,c80b373d-e8bb-414c-b9c8-b8e33d37799f,Texas Blue Bonnet,texas-bluebonnet,189.99568435421315,verified,approximate,False,False,True,False,False
wildflower-candidate-073,texas-bluebonnet,Texas Bluebonnet,Texas Bluebonnet,1334.747756388111,1385.872579001728,medium,Possible Match,Possible Match,c80b373d-e8bb-414c-b9c8-b8e33d37799f,Texas Blue Bonnet,texas-bluebonnet,264.53160220316425,verified,approximate,8bb8bfe2-cc6d-4137-b13e-f313144a1eab,Parasol Mushroom,parasol-mushroom,152.3617519854567,verified,exact,False,False,True,False,False
wildflower-candidate-074,agarita,Agarita,Agarita,958.9134061609348,1320.3199296267476,medium,New Survey Target,New Survey Target,,,,,,,8bb8bfe2-cc6d-4137-b13e-f313144a1eab,Parasol Mushroom,parasol-mushroom,310.6913197197022,verified,exact,False,False,True,False,False
wildflower-candidate-075,texas-bluebonnet,Texas Bluebonnet,Texas Bluebonnet,2008.7508407285238,1267.9080714215925,medium,New Survey Target,New Survey Target,ea019f47-bdd8-42e9-9d30-36c3fdc79506,Texas Bluebonnet,texas-bluebonnet,639.5112565179758,verified,approximate,4632dab8-88f4-432a-a8e5-2d6a62f2838a,English Mace,english-mace,99.24785786895326,verified,exact,True,True,True,True,True
wildflower-candidate-076,agarita,Agarita,Agarita,1833.094484137028,1263.7156271111717,medium,New Survey Target,New Survey Target,,,,,,,4632dab8-88f4-432a-a8e5-2d6a62f2838a,English Mace,english-mace,257.5518065812568,verified,exact,False,False,True,False,False
wildflower-candidate-077,agarita,Agarita,Agarita,1596.1489016470125,1190.085429972749,medium,New Survey Target,New Survey Target,,,,,,,8bb8bfe2-cc6d-4137-b13e-f313144a1eab,Parasol Mushroom,parasol-mushroom,339.8365819825232,verified,exact,False,False,True,False,False
wildflower-candidate-078,wisteria,Wisteria,Wisteria,8057.143998900856,6082.064398048527,medium,New Survey Target,New Survey Target,cf132cb6-97b6-4fb2-90a3-8c48742c9a90,Wisteria,wisteria,4554.523600456383,verified,exact,cee46e36-9789-49d5-b9e9-b4629ead7a9e,Evergreen Huckleberry,evergreen-huckleberry,319.32329521400465,unverified,exact,False,False,True,False,False
wildflower-candidate-079,wisteria,Wisteria,Wisteria,7875.415097423585,5722.494604968972,medium,New Survey Target,New Survey Target,cf132cb6-97b6-4fb2-90a3-8c48742c9a90,Wisteria,wisteria,4199.70185613709,verified,exact,258b19e1-1b2d-4ef5-ae93-071451ab95cc,Evergreen Huckleberry,evergreen-huckleberry,177.41018053952527,unverified,exact,False,False,True,False,False
wildflower-candidate-080,wisteria,Wisteria,Wisteria,7671.329433822977,5064.715929038714,medium,New Survey Target,New Survey Target,cf132cb6-97b6-4fb2-90a3-8c48742c9a90,Wisteria,wisteria,3691.076530315331,verified,exact,a2982d1a-5877-494b-9338-2fbb299009c7,Violet Snowdrops,violet-snowdrops,164.30577559939448,verified,guess,False,False,True,False,False
wildflower-candidate-081,bitterweed,Bitterweed,Bitterweed,3784.516608018376,4993.135534328679,medium,New Survey Target,New Survey Target,d20dfd1d-4790-4e45-b076-dbe4fa76e8a3,Bitterweed,bitterweed,538.8160400973057,verified,exact,2a8bd5a1-fde3-4270-9b6d-1b4902fa0d31,Alaskan Ginseng,alaskan-ginseng,160.48049226913403,verified,exact,False,False,True,False,False
wildflower-candidate-082,agarita,Agarita,Agarita,7505.835009465139,4982.927228276127,medium,New Survey Target,New Survey Target,,,,,,,078617f3-8f01-4c5c-be8e-da07f87931ea,Evergreen Huckleberry,evergreen-huckleberry,233.6508595939212,unverified,exact,False,False,True,False,False
wildflower-candidate-083,bitterweed,Bitterweed,Bitterweed,4432.402261661839,4801.502221199432,medium,Possible Match,Possible Match,d20dfd1d-4790-4e45-b076-dbe4fa76e8a3,Bitterweed,bitterweed,227.8898823651249,verified,exact,190f1c55-c705-4477-a105-f2599eeffd5c,Creeping Thyme,creeping-thyme,198.70640639683486,verified,exact,False,False,True,False,False
wildflower-candidate-084,wild-rhubarb,Wild Rhubarb,Wild Rhubarb,7393.556806418443,4696.923552076881,medium,New Survey Target,New Survey Target,5e6fc983-1adf-488b-8bf7-101070137bfc,Wild Rhubarb,wild-rhubarb,4219.500803261826,verified,approximate,71badd6b-c576-4402-b00a-0c4f28198e21,Evergreen Huckleberry,evergreen-huckleberry,124.30542449200081,unverified,exact,True,True,True,True,True
wildflower-candidate-085,bitterweed,Bitterweed,Bitterweed,3823.469843074303,4686.790596209155,medium,New Survey Target,New Survey Target,d20dfd1d-4790-4e45-b076-dbe4fa76e8a3,Bitterweed,bitterweed,408.5773437345401,verified,exact,2a8bd5a1-fde3-4270-9b6d-1b4902fa0d31,Alaskan Ginseng,alaskan-ginseng,154.35172538935348,verified,exact,False,False,True,False,False
wildflower-candidate-086,bitterweed,Bitterweed,Bitterweed,4461.097500733052,4593.1888769262405,medium,Possible Match,Possible Match,d20dfd1d-4790-4e45-b076-dbe4fa76e8a3,Bitterweed,bitterweed,249.89582855937348,verified,exact,d20dfd1d-4790-4e45-b076-dbe4fa76e8a3,Bitterweed,bitterweed,249.89582855937348,verified,exact,False,False,True,False,False
wildflower-candidate-087,bitterweed,Bitterweed,Bitterweed,7996.464142581532,4554.284122780379,medium,New Survey Target,New Survey Target,d20dfd1d-4790-4e45-b076-dbe4fa76e8a3,Bitterweed,bitterweed,3767.0190303972336,verified,exact,b0ed4d15-95cf-429e-9f51-2e7335fe5783,Evergreen Huckleberry,evergreen-huckleberry,657.8829052584416,unverified,guess,False,False,True,False,False
wildflower-candidate-088,bitterweed,Bitterweed,Bitterweed,5209.144156312621,4336.252485735127,medium,New Survey Target,New Survey Target,d20dfd1d-4790-4e45-b076-dbe4fa76e8a3,Bitterweed,bitterweed,1040.230499048201,verified,exact,7561d918-8201-43dc-ae7f-6e17ab91a4f6,Creeping Thyme,creeping-thyme,157.1663266197769,verified,exact,False,False,True,False,False
wildflower-candidate-089,bitterweed,Bitterweed,Bitterweed,4747.3359552581205,4250.215957621853,medium,New Survey Target,New Survey Target,d20dfd1d-4790-4e45-b076-dbe4fa76e8a3,Bitterweed,bitterweed,679.432744991388,verified,exact,8a2d23e6-5583-40d6-95de-ef130c198741,Chocolate Daisy,chocolate-daisy,352.7086529511092,verified,exact,False,False,True,False,False
wildflower-candidate-090,bitterweed,Bitterweed,Bitterweed,7587.878866464343,4247.6930837992,medium,New Survey Target,New Survey Target,d20dfd1d-4790-4e45-b076-dbe4fa76e8a3,Bitterweed,bitterweed,3385.2948491967836,verified,exact,e3b994e6-6922-4d4a-8040-89ded0f80e53,Evergreen Huckleberry,evergreen-huckleberry,267.2630523458339,unverified,guess,False,False,True,False,False
wildflower-candidate-091,creek-plum,Creek Plum,Creek Plum,7324.315596305668,4112.746952970187,medium,New Survey Target,New Survey Target,,,,,,,dbb3e170-c209-4cf9-8181-3b0dcc09e13f,Vanilla Flower,vanilla-flower,189.36378457820393,unverified,exact,False,False,True,False,False
wildflower-candidate-092,creek-plum,Creek Plum,Creek Plum,6619.31263728619,4055.170885822608,medium,New Survey Target,New Survey Target,,,,,,,ca3fb906-fe84-4dc7-b286-2dd2c1c44d1e,Chocolate Daisy,chocolate-daisy,300.4256275932244,verified,exact,False,False,True,False,False
wildflower-candidate-093,cardinal-flower,Cardinal Flower,Cardinal Flower,7698.317975263672,4035.3398055972684,medium,New Survey Target,New Survey Target,,,,,,,b0ed4d15-95cf-429e-9f51-2e7335fe5783,Evergreen Huckleberry,evergreen-huckleberry,67.34055632489392,unverified,guess,True,True,True,True,True
wildflower-candidate-094,creek-plum,Creek Plum,Creek Plum,4882.324536708599,3972.518022673663,medium,New Survey Target,New Survey Target,,,,,,,3a5be17b-7bc7-4790-b989-1991c09cc3c9,Wild Mint,wild-mint,318.5224292654771,verified,exact,False,False,True,False,False
wildflower-candidate-095,cardinal-flower,Cardinal Flower,Cardinal Flower,7857.742067720419,3970.069316233976,medium,New Survey Target,New Survey Target,,,,,,,d9803875-803f-4f36-b110-6c57f35f22cb,Evergreen Huckleberry,evergreen-huckleberry,65.52828036614997,unverified,exact,True,True,True,True,True
wildflower-candidate-096,chocolate-daisy,Chocolate Daisy,Chocolate Daisy,5769.262533710063,3887.2231683900327,medium,Already Covered,Already Covered,de2219c4-e6c4-4964-bdca-d3dbc3c3b288,Chocolate Daisy,chocolate-daisy,17.269381018451874,unverified,guess,de2219c4-e6c4-4964-bdca-d3dbc3c3b288,Chocolate Daisy,chocolate-daisy,17.269381018451874,unverified,guess,False,False,True,False,False
wildflower-candidate-097,chocolate-daisy,Chocolate Daisy,Chocolate Daisy,5605.7882015061705,3862.6239653850275,medium,Already Covered,Already Covered,209f9a57-31da-4f85-bd9f-44f4198510e1,Chocolate Daisy,chocolate-daisy,5.460042857479778,unverified,exact,209f9a57-31da-4f85-bd9f-44f4198510e1,Chocolate Daisy,chocolate-daisy,5.460042857479778,unverified,exact,False,False,True,False,False
wildflower-candidate-098,blood-flower,Blood Flower,Blood Flower,8080.541498987021,3843.5604051985465,medium,New Survey Target,New Survey Target,e52bfdc0-62da-4fd0-86f1-5a21c6201563,Blood Flower,blood-flower,1017.7181167058853,unverified,exact,d9803875-803f-4f36-b110-6c57f35f22cb,Evergreen Huckleberry,evergreen-huckleberry,238.58794304102963,unverified,exact,False,False,True,False,False
wildflower-candidate-099,blood-flower,Blood Flower,Blood Flower,7459.312557288859,3814.6245987329416,medium,New Survey Target,New Survey Target,e52bfdc0-62da-4fd0-86f1-5a21c6201563,Blood Flower,blood-flower,438.8820425119467,unverified,exact,6de8d6c4-cef6-4bf8-895f-3285f3ab6a43,Vanilla Flower,vanilla-flower,31.333078009858518,unverified,exact,True,True,True,True,True
wildflower-candidate-100,agarita,Agarita,Agarita,6451.846722064135,3797.731055425918,medium,New Survey Target,New Survey Target,,,,,,,c4ba2fb1-63a9-41d1-a76f-502a3b3a6891,Hummingbird Sage,hummingbird-sage,7.029611223854613,verified,exact,True,True,True,True,True
wildflower-candidate-101,cardinal-flower,Cardinal Flower,Cardinal Flower,7915.033667376844,3794.4507752984478,medium,New Survey Target,New Survey Target,,,,,,,d9803875-803f-4f36-b110-6c57f35f22cb,Evergreen Huckleberry,evergreen-huckleberry,128.25953755801675,unverified,exact,False,True,True,True,True
wildflower-candidate-102,agarita,Agarita,Agarita,5162.385401313863,3743.918480143305,medium,New Survey Target,New Survey Target,,,,,,,dfd6d715-3614-4d00-ac8b-83dfc38f2406,Chocolate Daisy,chocolate-daisy,42.41220347763814,verified,exact,True,True,True,True,True
wildflower-candidate-103,chocolate-daisy,Chocolate Daisy,Chocolate Daisy,6173.9333185100395,3773.0689225202154,medium,Already Covered,Already Covered,1a12f76f-a036-440f-a232-de289195ad70,Chocolate Daisy,chocolate-daisy,10.683763474258404,verified,exact,1a12f76f-a036-440f-a232-de289195ad70,Chocolate Daisy,chocolate-daisy,10.683763474258404,verified,exact,False,False,True,False,False
wildflower-candidate-104,creek-plum,Creek Plum,Creek Plum,4522.757762379677,3731.3120953749035,medium,New Survey Target,New Survey Target,,,,,,,1d8a7ae4-fc0d-48e2-b21e-46b291f71dcc,Oregano,oregano,93.08919007302288,verified,exact,True,True,True,True,True
wildflower-candidate-105,cardinal-flower,Cardinal Flower,Cardinal Flower,7782.23276873455,3720.849822223111,medium,New Survey Target,New Survey Target,,,,,,,92234f9f-a45a-479e-9e53-9df37c84c7b7,Vanilla Flower,vanilla-flower,98.65405410527083,unverified,exact,True,True,True,True,True
wildflower-candidate-106,wisteria,Wisteria,Wisteria,3999.6211291739455,3698.345344966371,medium,Possible Match,Possible Match,3ad5bd29-154a-4000-9784-75929a3dc266,Wisteria,wisteria,129.22592581674346,verified,exact,3ad5bd29-154a-4000-9784-75929a3dc266,Wisteria,wisteria,129.22592581674346,verified,exact,False,False,True,False,False
wildflower-candidate-107,agarita,Agarita,Agarita,5009.137222870379,3698.900476590378,medium,New Survey Target,New Survey Target,,,,,,,3a5be17b-7bc7-4790-b989-1991c09cc3c9,Wild Mint,wild-mint,132.94877715027727,verified,exact,False,True,True,True,True
wildflower-candidate-108,cardinal-flower,Cardinal Flower,Cardinal Flower,7855.834261304814,3639.1926000030517,medium,New Survey Target,New Survey Target,,,,,,,1d1f9bea-29f2-4fa3-a168-46636a261f46,Milkweed,milkweed,98.79214530113491,verified,exact,True,True,True,True,True
wildflower-candidate-109,wisteria,Wisteria,Wisteria,4202.003446957121,3526.8914740127525,medium,Possible Match,Possible Match,4bb2713f-8309-4217-9ed2-a4dbda2feb52,Wisteria,wisteria,138.8096434302676,verified,exact,dbc30758-5a71-46e5-8e79-7ae55ab7d386,Indian Tobacco,indian-tobacco,67.86518034480237,verified,exact,True,False,True,False,False
wildflower-candidate-110,cardinal-flower,Cardinal Flower,Cardinal Flower,7441.046256669685,3508.2481956630695,medium,New Survey Target,New Survey Target,,,,,,,074b7f27-2bed-4228-9087-fb556cdc420f,Cardinal Flower,alaskan-ginseng,17.629955232752803,verified,exact,True,True,True,True,True
wildflower-candidate-111,wisteria,Wisteria,Wisteria,4140.740375161043,3420.6507812628624,medium,Already Covered,Already Covered,4bb2713f-8309-4217-9ed2-a4dbda2feb52,Wisteria,wisteria,89.66133375109733,verified,exact,9a5b92f5-8e86-4523-b359-2a029abd9c1d,Blackberry,blackberry,87.98495719988763,verified,exact,False,False,True,False,False
wildflower-candidate-112,cardinal-flower,Cardinal Flower,Cardinal Flower,7641.368260541897,3377.642039539335,medium,New Survey Target,New Survey Target,,,,,,,48fb8fe8-3640-48fe-a527-708eaab8dc18,Milkweed,milkweed,173.26435490569557,unverified,exact,False,False,True,False,False
wildflower-candidate-113,agarita,Agarita,Agarita,6564.488596830531,3197.3149344801586,medium,New Survey Target,New Survey Target,,,,,,,72ca3683-3ab4-4faf-9053-667b7b3a673b,Chanterelles,chanterelles,157.58219526196572,unverified,exact,False,False,True,False,False
wildflower-candidate-114,wisteria,Wisteria,Wisteria,3650.3961461568574,3154.8636309307253,medium,Already Covered,Already Covered,787b2de1-644a-4150-9ede-06f8004120cb,Wisteria,wisteria,7.048530109418033,verified,exact,787b2de1-644a-4150-9ede-06f8004120cb,Wisteria,wisteria,7.048530109418033,verified,exact,False,False,True,False,False
wildflower-candidate-115,wisteria,Wisteria,Wisteria,3844.5874854924514,3024.254103562311,medium,Possible Match,Possible Match,787b2de1-644a-4150-9ede-06f8004120cb,Wisteria,wisteria,228.91698594353474,verified,exact,3d30abf1-18d7-42b1-ac98-338ad074cae8,Creeping Thyme,creeping-thyme,47.2442978413948,verified,exact,True,False,True,False,False
wildflower-candidate-116,texas-bluebonnet,Texas Bluebonnet,Texas Bluebonnet,4968.577844576478,2939.0896040729813,medium,Already Covered,Already Covered,ed8abe25-aef6-4fac-bac2-1d763eaefb54,Texas Bluebonnet,texas-bluebonnet,89.34760604337052,verified,approximate,ed8abe25-aef6-4fac-bac2-1d763eaefb54,Texas Bluebonnet,texas-bluebonnet,89.34760604337052,verified,approximate,False,False,True,False,False
wildflower-candidate-117,blood-flower,Blood Flower,Blood Flower,7698.775497749747,2920.166512414842,medium,New Survey Target,New Survey Target,e52bfdc0-62da-4fd0-86f1-5a21c6201563,Blood Flower,blood-flower,871.3867015472148,unverified,exact,074b7f27-2bed-4228-9087-fb556cdc420f,Cardinal Flower,alaskan-ginseng,624.7676997597551,verified,exact,False,False,True,False,False
wildflower-candidate-118,texas-bluebonnet,Texas Bluebonnet,Texas Bluebonnet,4733.895171012276,2779.560236505883,medium,Possible Match,Possible Match,68646eb8-55d0-40ac-b49d-43bd069bf3e2,Texas Bluebonnet,texas-bluebonnet,166.48626043584815,verified,approximate,7815befa-3fa3-495f-bebb-3cfe0b5c55a9,Creeping Thyme,creeping-thyme,24.950217121051303,verified,exact,True,False,True,False,False
wildflower-candidate-119,wisteria,Wisteria,Wisteria,3989.780433918288,2779.240858217743,medium,Already Covered,Already Covered,03397457-8579-4c40-8b2e-63ba5ba6ea6c,Wisteria,wisteria,12.282078861340556,verified,exact,03397457-8579-4c40-8b2e-63ba5ba6ea6c,Wisteria,wisteria,12.282078861340556,verified,exact,False,False,True,False,False
wildflower-candidate-120,texas-bluebonnet,Texas Bluebonnet,Texas Bluebonnet,5217.973655152855,2739.0673923239,medium,Already Covered,Already Covered,52b7bf1a-fe60-4093-96ed-1a61c011c21f,Texas Bluebonnet,texas-bluebonnet,11.241996598181014,verified,exact,52b7bf1a-fe60-4093-96ed-1a61c011c21f,Texas Bluebonnet,texas-bluebonnet,11.241996598181014,verified,exact,False,False,True,False,False
wildflower-candidate-121,cardinal-flower,Cardinal Flower,Cardinal Flower,7453.646118864485,2683.1083988745913,medium,New Survey Target,New Survey Target,,,,,,,749bf0c7-ae0e-4162-9a8d-0405149f5ecd,Vanilla Flower,vanilla-flower,763.1520401779719,unverified,exact,False,False,True,False,False
wildflower-candidate-122,creek-plum,Creek Plum,Creek Plum,6955.085772814582,2519.4388499948245,medium,New Survey Target,New Survey Target,,,,,,,72ca3683-3ab4-4faf-9053-667b7b3a673b,Chanterelles,chanterelles,804.0429781025471,unverified,exact,False,False,True,False,False
wildflower-candidate-123,agarita,Agarita,Agarita,3301.2231162425833,2484.7505173029367,medium,New Survey Target,New Survey Target,,,,,,,e6af6c00-51a5-4afa-b2ad-1b6d4fc511c2,Wild Rhubarb,wild-rhubarb,252.0705736642905,verified,approximate,False,False,True,False,False
wildflower-candidate-124,agarita,Agarita,Agarita,1970.9426516843391,2304.2840674636454,medium,New Survey Target,New Survey Target,,,,,,,e5d67102-6bd3-4f77-9956-08c973e029a2,Wild Rhubarb,wild-rhubarb,254.4189180050734,verified,approximate,False,False,True,False,False
wildflower-candidate-125,bitterweed,Bitterweed,Bitterweed,3979.777175728018,2256.3701056767904,medium,New Survey Target,New Survey Target,d20dfd1d-4790-4e45-b076-dbe4fa76e8a3,Bitterweed,bitterweed,2449.649279997704,verified,exact,5e6fc983-1adf-488b-8bf7-101070137bfc,Wild Rhubarb,wild-rhubarb,23.050857991177033,verified,approximate,True,True,True,True,True
wildflower-candidate-126,bitterweed,Bitterweed,Bitterweed,2896.699811218338,2239.434983685378,medium,New Survey Target,New Survey Target,d20dfd1d-4790-4e45-b076-dbe4fa76e8a3,Bitterweed,bitterweed,2793.386454367407,verified,exact,148f600c-01d3-4858-a44e-3959957c0155,Wild Rhubarb,wild-rhubarb,116.12072056628493,verified,approximate,True,True,True,True,True
wildflower-candidate-127,bitterweed,Bitterweed,Bitterweed,3832.067519322879,2198.991432903368,medium,New Survey Target,New Survey Target,d20dfd1d-4790-4e45-b076-dbe4fa76e8a3,Bitterweed,bitterweed,2525.871081795734,verified,exact,5e6fc983-1adf-488b-8bf7-101070137bfc,Wild Rhubarb,wild-rhubarb,136.23633344836807,verified,approximate,False,True,True,True,True
wildflower-candidate-128,agarita,Agarita,Agarita,3524.0946114905087,2182.591600381629,medium,New Survey Target,New Survey Target,,,,,,,44110eb3-343f-4f46-8a49-d37fb78dc1b9,Wild Rhubarb,wild-rhubarb,84.744803994844,verified,approximate,True,True,True,True,True
wildflower-candidate-129,agarita,Agarita,Agarita,2725.076398230424,2153.5580278202997,medium,New Survey Target,New Survey Target,,,,,,,987f93b7-1ce6-4e36-aa49-ccd3223c8ed7,Wild Rhubarb,wild-rhubarb,7.785635098395476,verified,approximate,True,True,True,True,True
wildflower-candidate-130,bitterweed,Bitterweed,Bitterweed,2984.6179190531743,2129.191440698228,medium,New Survey Target,New Survey Target,d20dfd1d-4790-4e45-b076-dbe4fa76e8a3,Bitterweed,bitterweed,2851.153518247704,verified,exact,148f600c-01d3-4858-a44e-3959957c0155,Wild Rhubarb,wild-rhubarb,78.05781251446929,verified,approximate,True,True,True,True,True
wildflower-candidate-131,bitterweed,Bitterweed,Bitterweed,2549.3943659626516,1998.2357988759795,medium,New Survey Target,New Survey Target,d20dfd1d-4790-4e45-b076-dbe4fa76e8a3,Bitterweed,bitterweed,3176.9349724780027,verified,exact,94080f9b-e315-4440-babe-949bd11dd685,Wild Rhubarb,wild-rhubarb,205.571339199714,verified,approximate,False,False,True,False,False
wildflower-candidate-132,bitterweed,Bitterweed,Bitterweed,1860.764984305624,1879.3954638470477,medium,New Survey Target,New Survey Target,d20dfd1d-4790-4e45-b076-dbe4fa76e8a3,Bitterweed,bitterweed,3679.555134186139,verified,exact,a4a03a4e-7424-41bc-b4c5-917469b626c2,Wild Rhubarb,wild-rhubarb,152.45817299757155,verified,approximate,False,False,True,False,False
wildflower-candidate-133,agarita,Agarita,Agarita,2357.3588672109377,1855.1592315192784,medium,New Survey Target,New Survey Target,,,,,,,65abf68f-d5c3-46ed-a414-4e4fab6040d4,Wild Rhubarb,wild-rhubarb,224.54756376453713,verified,approximate,False,False,True,False,False
wildflower-candidate-134,bitterweed,Bitterweed,Bitterweed,3176.826036178755,1851.5249707003877,medium,New Survey Target,New Survey Target,d20dfd1d-4790-4e45-b076-dbe4fa76e8a3,Bitterweed,bitterweed,3031.067870579521,verified,exact,e96a1e12-d258-439a-91ee-78e1a5dfb9c7,Wild Rhubarb,wild-rhubarb,26.241242481269147,verified,exact,True,True,True,True,True
wildflower-candidate-135,bitterweed,Bitterweed,Bitterweed,3383.2820564006697,1712.7524181057106,medium,New Survey Target,New Survey Target,d20dfd1d-4790-4e45-b076-dbe4fa76e8a3,Bitterweed,bitterweed,3098.741324663005,verified,exact,6fe29e2b-583f-4fdb-9023-a482b6dcd7a4,Creeping Thyme,creeping-thyme,125.02939162998818,verified,exact,False,True,True,True,True
wildflower-candidate-136,agarita,Agarita,Agarita,2933.708369914727,1692.0807742067736,medium,New Survey Target,New Survey Target,,,,,,,e96a1e12-d258-439a-91ee-78e1a5dfb9c7,Wild Rhubarb,wild-rhubarb,265.9767675966101,verified,exact,False,False,True,False,False
wildflower-candidate-137,agarita,Agarita,Agarita,3074.779014612095,1532.847842379785,medium,New Survey Target,New Survey Target,,,,,,,7c2b8af9-68d9-4b77-af57-e04fc68ef0db,Creeping Thyme,creeping-thyme,216.71615279615483,verified,exact,False,False,True,False,False
wildflower-candidate-138,texas-bluebonnet,Texas Bluebonnet,Texas Bluebonnet,1638.1750413568213,1495.2938926560928,medium,New Survey Target,New Survey Target,06767974-0192-419a-b7be-fe014f3d7ce8,Texas Blue Bonnet,texas-bluebonnet,357.763702499781,verified,approximate,d7a48692-6a3e-4fa2-b7a0-93bd4fe800d7,Creeping Thyme,creeping-thyme,262.81791334895587,verified,exact,False,False,True,False,False
wildflower-candidate-139,texas-bluebonnet,Texas Bluebonnet,Texas Bluebonnet,681.8114845229194,1445.7493721922474,medium,New Survey Target,New Survey Target,c80b373d-e8bb-414c-b9c8-b8e33d37799f,Texas Blue Bonnet,texas-bluebonnet,499.40874649632445,verified,approximate,c80b373d-e8bb-414c-b9c8-b8e33d37799f,Texas Blue Bonnet,texas-bluebonnet,499.40874649632445,verified,approximate,False,False,True,False,False
wildflower-candidate-140,texas-bluebonnet,Texas Bluebonnet,Texas Bluebonnet,2586.449850042228,1336.5048413786644,medium,New Survey Target,New Survey Target,ea019f47-bdd8-42e9-9d30-36c3fdc79506,Texas Bluebonnet,texas-bluebonnet,309.2407017465593,verified,approximate,ea019f47-bdd8-42e9-9d30-36c3fdc79506,Texas Bluebonnet,texas-bluebonnet,309.2407017465593,verified,approximate,False,False,True,False,False
wildflower-candidate-141,texas-bluebonnet,Texas Bluebonnet,Texas Bluebonnet,959.7835448059989,1327.4405700745629,medium,New Survey Target,New Survey Target,c80b373d-e8bb-414c-b9c8-b8e33d37799f,Texas Blue Bonnet,texas-bluebonnet,327.43744247657634,verified,approximate,8bb8bfe2-cc6d-4137-b13e-f313144a1eab,Parasol Mushroom,parasol-mushroom,311.4900727201474,verified,exact,False,False,True,False,False
wildflower-candidate-142,texas-bluebonnet,Texas Bluebonnet,Texas Bluebonnet,2126.6667688613006,1295.403159449539,medium,New Survey Target,New Survey Target,ea019f47-bdd8-42e9-9d30-36c3fdc79506,Texas Bluebonnet,texas-bluebonnet,529.6667944447248,verified,approximate,4632dab8-88f4-432a-a8e5-2d6a62f2838a,English Mace,english-mace,62.51467395527651,verified,exact,True,True,True,True,True
wildflower-candidate-143,texas-bluebonnet,Texas Bluebonnet,Texas Bluebonnet,1491.174840907923,1164.3373903010697,medium,New Survey Target,New Survey Target,c80b373d-e8bb-414c-b9c8-b8e33d37799f,Texas Blue Bonnet,texas-bluebonnet,535.0512370307903,verified,approximate,8bb8bfe2-cc6d-4137-b13e-f313144a1eab,Parasol Mushroom,parasol-mushroom,245.3687853912938,verified,exact,False,False,True,False,False
wildflower-candidate-144,wisteria,Wisteria,Wisteria,8164.422900406086,6120.276347997233,medium,New Survey Target,New Survey Target,cf132cb6-97b6-4fb2-90a3-8c48742c9a90,Wisteria,wisteria,4663.808331736625,verified,exact,cee46e36-9789-49d5-b9e9-b4629ead7a9e,Evergreen Huckleberry,evergreen-huckleberry,369.54305968227493,unverified,exact,False,False,True,False,False
wildflower-candidate-145,wisteria,Wisteria,Wisteria,7956.155192563645,5919.912158052371,medium,New Survey Target,New Survey Target,cf132cb6-97b6-4fb2-90a3-8c48742c9a90,Wisteria,wisteria,4377.918666815273,verified,exact,cee46e36-9789-49d5-b9e9-b4629ead7a9e,Evergreen Huckleberry,evergreen-huckleberry,193.86094378412815,unverified,exact,False,False,True,False,False
wildflower-candidate-146,wisteria,Wisteria,Wisteria,7784.745192307858,5592.76807766003,medium,New Survey Target,New Survey Target,cf132cb6-97b6-4fb2-90a3-8c48742c9a90,Wisteria,wisteria,4052.7632921198633,verified,exact,258b19e1-1b2d-4ef5-ae93-071451ab95cc,Evergreen Huckleberry,evergreen-huckleberry,252.89675338934532,unverified,exact,False,False,True,False,False
wildflower-candidate-147,wisteria,Wisteria,Wisteria,7658.228161745637,5351.499329804205,medium,New Survey Target,New Survey Target,cf132cb6-97b6-4fb2-90a3-8c48742c9a90,Wisteria,wisteria,3818.0250085155767,verified,exact,a2982d1a-5877-494b-9338-2fbb299009c7,Violet Snowdrops,violet-snowdrops,123.51047196250718,verified,guess,True,True,True,True,True
wildflower-candidate-148,bitterweed,Bitterweed,Bitterweed,8069.045758353533,5114.259982707145,medium,New Survey Target,New Survey Target,d20dfd1d-4790-4e45-b076-dbe4fa76e8a3,Bitterweed,bitterweed,3860.1010511033596,verified,exact,a2982d1a-5877-494b-9338-2fbb299009c7,Violet Snowdrops,violet-snowdrops,411.37139273591,verified,guess,False,False,True,False,False
wildflower-candidate-149,bitterweed,Bitterweed,Bitterweed,3956.3732940008513,4955.228193240635,medium,New Survey Target,New Survey Target,d20dfd1d-4790-4e45-b076-dbe4fa76e8a3,Bitterweed,bitterweed,380.4388339670241,verified,exact,06a99389-91e1-4433-bd8d-598035fcde57,Burdock Root,burdock-root,142.5506023835033,verified,exact,False,True,True,True,True
wildflower-candidate-150,bitterweed,Bitterweed,Bitterweed,8138.664407216152,4877.058823589109,medium,New Survey Target,New Survey Target,d20dfd1d-4790-4e45-b076-dbe4fa76e8a3,Bitterweed,bitterweed,3910.997883040917,verified,exact,a2982d1a-5877-494b-9338-2fbb299009c7,Violet Snowdrops,violet-snowdrops,582.902738874179,verified,guess,False,False,True,False,False
wildflower-candidate-151,wild-rhubarb,Wild Rhubarb,Wild Rhubarb,7687.200964214115,4778.9603731617835,medium,New Survey Target,New Survey Target,5e6fc983-1adf-488b-8bf7-101070137bfc,Wild Rhubarb,wild-rhubarb,4507.290609663088,verified,approximate,71badd6b-c576-4402-b00a-0c4f28198e21,Evergreen Huckleberry,evergreen-huckleberry,394.3027878097442,unverified,exact,False,False,True,False,False
wildflower-candidate-152,bitterweed,Bitterweed,Bitterweed,4050.5197838894437,4701.666125640346,medium,Possible Match,Possible Match,d20dfd1d-4790-4e45-b076-dbe4fa76e8a3,Bitterweed,bitterweed,181.68701267054965,verified,exact,06a99389-91e1-4433-bd8d-598035fcde57,Burdock Root,burdock-root,132.4368825577903,verified,exact,False,False,True,False,False
wildflower-candidate-153,bitterweed,Bitterweed,Bitterweed,3764.5427703974083,4611.728235117769,medium,New Survey Target,New Survey Target,d20dfd1d-4790-4e45-b076-dbe4fa76e8a3,Bitterweed,bitterweed,474.46955779565326,verified,exact,2a8bd5a1-fde3-4270-9b6d-1b4902fa0d31,Alaskan Ginseng,alaskan-ginseng,221.47377525534122,verified,exact,False,False,True,False,False
wildflower-candidate-154,bitterweed,Bitterweed,Bitterweed,4765.70499907504,4550.273069922101,medium,New Survey Target,New Survey Target,d20dfd1d-4790-4e45-b076-dbe4fa76e8a3,Bitterweed,bitterweed,552.4599556593673,verified,exact,8a2d23e6-5583-40d6-95de-ef130c198741,Chocolate Daisy,chocolate-daisy,175.3742929157094,verified,exact,False,False,True,False,False
wildflower-candidate-155,bitterweed,Bitterweed,Bitterweed,4543.014198204145,4538.029371683315,medium,New Survey Target,New Survey Target,d20dfd1d-4790-4e45-b076-dbe4fa76e8a3,Bitterweed,bitterweed,347.48485884342557,verified,exact,d20dfd1d-4790-4e45-b076-dbe4fa76e8a3,Bitterweed,bitterweed,347.48485884342557,verified,exact,False,False,True,False,False
wildflower-candidate-156,agarita,Agarita,Agarita,5292.845191622774,4521.58728516182,medium,New Survey Target,New Survey Target,,,,,,,801442eb-054f-4c1e-a405-312d7f0fefc3,Creeping Thyme,creeping-thyme,168.37177168951473,unverified,exact,False,False,True,False,False
wildflower-candidate-157,chocolate-daisy,Chocolate Daisy,Chocolate Daisy,5542.138595094064,4468.3953529402515,medium,Possible Match,Possible Match,fecfb170-bdb7-467b-bb7a-143a81f43dfe,Chocolate Daisy,chocolate-daisy,157.61308438728204,verified,exact,fecfb170-bdb7-467b-bb7a-143a81f43dfe,Chocolate Daisy,chocolate-daisy,157.61308438728204,verified,exact,False,False,True,False,False
wildflower-candidate-158,agarita,Agarita,Agarita,7773.256797315731,4398.623445865743,medium,New Survey Target,New Survey Target,,,,,,,b0ed4d15-95cf-429e-9f51-2e7335fe5783,Evergreen Huckleberry,evergreen-huckleberry,437.15001735274734,unverified,guess,False,False,True,False,False
wildflower-candidate-159,agarita,Agarita,Agarita,5460.49343149015,4345.718266492655,medium,New Survey Target,New Survey Target,,,,,,,fecfb170-bdb7-467b-bb7a-143a81f43dfe,Chocolate Daisy,chocolate-daisy,12.979477226061379,verified,exact,True,True,True,True,True
wildflower-candidate-160,creek-plum,Creek Plum,Creek Plum,3954.7812574955374,4255.916892278326,medium,New Survey Target,New Survey Target,,,,,,,71b1d57a-672b-4767-ba41-d8bcb232b833,Alaskan Ginseng,alaskan-ginseng,229.13495545375565,verified,exact,False,False,True,False,False
wildflower-candidate-161,agarita,Agarita,Agarita,5368.627454844778,4231.221405615652,medium,New Survey Target,New Survey Target,,,,,,,3fd99e86-b5d9-46fe-908e-f023165dfaf7,Chocolate Daisy,chocolate-daisy,15.518833833534359,verified,exact,True,True,True,True,True
wildflower-candidate-162,wild-rhubarb,Wild Rhubarb,Wild Rhubarb,5139.83898566219,4169.903900080897,medium,New Survey Target,New Survey Target,5e6fc983-1adf-488b-8bf7-101070137bfc,Wild Rhubarb,wild-rhubarb,2258.897960126582,verified,approximate,7561d918-8201-43dc-ae7f-6e17ab91a4f6,Creeping Thyme,creeping-thyme,104.98106848843098,verified,exact,True,True,True,True,True
wildflower-candidate-163,agarita,Agarita,Agarita,5358.517431163443,4067.640904609758,medium,New Survey Target,New Survey Target,,,,,,,83769c53-0d00-4729-8d7a-79265a4457d4,Garlic,garlic,75.11915461758969,verified,exact,True,True,True,True,True
wildflower-candidate-164,cardinal-flower,Cardinal Flower,Cardinal Flower,7456.804631474766,4042.8688133185024,medium,New Survey Target,New Survey Target,,,,,,,dbb3e170-c209-4cf9-8181-3b0dcc09e13f,Vanilla Flower,vanilla-flower,71.10613509206209,unverified,exact,True,True,True,True,True
wildflower-candidate-165,blood-flower,Blood Flower,Blood Flower,7554.881703633862,4030.5892138060235,medium,New Survey Target,New Survey Target,e52bfdc0-62da-4fd0-86f1-5a21c6201563,Blood Flower,blood-flower,653.8968222167634,unverified,exact,e3b994e6-6922-4d4a-8040-89ded0f80e53,Evergreen Huckleberry,evergreen-huckleberry,55.520336342594945,unverified,guess,True,True,True,True,True
wildflower-candidate-166,wisteria,Wisteria,Wisteria,3901.8108202245317,4022.818994501238,medium,Possible Match,Possible Match,4f77bafa-4a8a-48aa-817a-c688fab53ccb,Wisteria,wisteria,251.8022339863853,verified,exact,4e572e24-3216-4800-ab29-1d19253fd2be,Alaskan Ginseng,alaskan-ginseng,115.25247006613634,verified,exact,True,False,True,False,False
wildflower-candidate-167,creek-plum,Creek Plum,Creek Plum,4167.449083468051,3969.6252329154067,medium,New Survey Target,New Survey Target,,,,,,,f47dcc55-5e0e-4dd6-a11d-e17d5398c48c,Violet Snowdrops,violet-snowdrops,89.7188381473066,verified,exact,True,True,True,True,True
wildflower-candidate-168,agarita,Agarita,Agarita,5289.141463756331,3928.6042817031066,medium,New Survey Target,New Survey Target,,,,,,,4cc5da39-ad1d-4208-b36e-c6bf64206a6f,Chocolate Daisy,chocolate-daisy,7.90006121747686,unverified,guess,True,True,True,True,True
wildflower-candidate-169,agarita,Agarita,Agarita,5587.437792441416,3924.4813546963132,medium,New Survey Target,New Survey Target,,,,,,,afa9efb2-8ec8-4f06-99cf-8d0964184a35,Chocolate Daisy,chocolate-daisy,30.161432279209684,unverified,guess,True,True,True,True,True
wildflower-candidate-170,cardinal-flower,Cardinal Flower,Cardinal Flower,7411.951229409813,3895.6503641475265,medium,New Survey Target,New Survey Target,,,,,,,b347a5b9-8e42-4421-a74c-c96aca5bac28,Vanilla Flower,vanilla-flower,43.988714894038715,unverified,exact,True,True,True,True,True
wildflower-candidate-171,blood-flower,Blood Flower,Blood Flower,7738.858976222021,3879.2556124263783,medium,New Survey Target,New Survey Target,e52bfdc0-62da-4fd0-86f1-5a21c6201563,Blood Flower,blood-flower,711.9653077432724,unverified,exact,92234f9f-a45a-479e-9e53-9df37c84c7b7,Vanilla Flower,vanilla-flower,71.312944458186,unverified,exact,True,True,True,True,True
wildflower-candidate-172,agarita,Agarita,Agarita,5174.777564346976,3850.915806182643,medium,New Survey Target,New Survey Target,,,,,,,65018ab6-33e2-40f8-b4b8-d333df2e7678,Chocolate Daisy,chocolate-daisy,12.917721430938677,unverified,approximate,True,True,True,True,True
wildflower-candidate-173,creek-plum,Creek Plum,Creek Plum,4647.671663744042,3826.4375565263936,medium,New Survey Target,New Survey Target,,,,,,,1d8a7ae4-fc0d-48e2-b21e-46b291f71dcc,Oregano,oregano,230.7746417102522,verified,exact,False,False,True,False,False
wildflower-candidate-174,blood-flower,Blood Flower,Blood Flower,7189.342201638056,3756.6308915308564,medium,Possible Match,Possible Match,e52bfdc0-62da-4fd0-86f1-5a21c6201563,Blood Flower,blood-flower,217.10777101208336,unverified,exact,5a42a3ee-2d35-4d4b-82c5-895e296c744d,Evergreen Huckleberry,evergreen-huckleberry,156.4720063330149,unverified,exact,False,False,True,False,False
wildflower-candidate-175,blood-flower,Blood Flower,Blood Flower,8045.4068700504495,3752.445537468533,medium,New Survey Target,New Survey Target,e52bfdc0-62da-4fd0-86f1-5a21c6201563,Blood Flower,blood-flower,961.4810726657845,unverified,exact,d9803875-803f-4f36-b110-6c57f35f22cb,Evergreen Huckleberry,evergreen-huckleberry,247.90463670770256,unverified,exact,False,False,True,False,False
wildflower-candidate-176,chocolate-daisy,Chocolate Daisy,Chocolate Daisy,5258.63465730451,3711.8620329860114,medium,Already Covered,Already Covered,931e0358-4f56-4af4-91d9-7b03d3fa1a9c,Chocolate Daisy,chocolate-daisy,65.89591542887607,unverified,guess,931e0358-4f56-4af4-91d9-7b03d3fa1a9c,Chocolate Daisy,chocolate-daisy,65.89591542887607,unverified,guess,False,False,True,False,False
wildflower-candidate-177,wisteria,Wisteria,Wisteria,4116.569234822912,3662.915366506434,medium,Already Covered,Already Covered,3ad5bd29-154a-4000-9784-75929a3dc266,Wisteria,wisteria,9.955673759145629,verified,exact,3ad5bd29-154a-4000-9784-75929a3dc266,Wisteria,wisteria,9.955673759145629,verified,exact,False,False,True,False,False
wildflower-candidate-178,agarita,Agarita,Agarita,4872.534826339942,3638.2935117554116,medium,New Survey Target,New Survey Target,,,,,,,0a84c26f-376b-4f65-a05f-b6d6caae8b45,Wild Mint,wild-mint,17.361487284456324,verified,exact,True,True,True,True,True
wildflower-candidate-179,chocolate-daisy,Chocolate Daisy,Chocolate Daisy,4700.940177150616,3597.41730899055,medium,Possible Match,Possible Match,fedabfdc-66f3-4519-bf50-45277539c6e9,Chocolate Daisy,chocolate-daisy,238.90860429468486,verified,exact,ebb750c5-8c8d-46af-875e-1c235d5f4c93,Raspberry,raspberry,93.54314354607018,verified,exact,True,False,True,False,False
wildflower-candidate-180,cardinal-flower,Cardinal Flower,Cardinal Flower,7526.581550851845,3560.2951876626275,medium,New Survey Target,New Survey Target,,,,,,,6c72767e-8cc2-4833-b515-9b4f72eae96b,Vanilla Flower,vanilla-flower,68.91947708882324,unverified,exact,True,True,True,True,True
wildflower-candidate-181,agarita,Agarita,Agarita,5007.437951982799,3548.30851510302,medium,New Survey Target,New Survey Target,,,,,,,c730bf05-7245-46d0-8154-00e5af6a75d6,Chocolate Daisy,chocolate-daisy,12.313173922003733,verified,exact,True,True,True,True,True
wildflower-candidate-182,creek-plum,Creek Plum,Creek Plum,6921.829652805101,3548.094250813526,medium,New Survey Target,New Survey Target,,,,,,,3f77bf85-8570-4cf7-9ff9-c89e22bb2abe,Raspberry,raspberry,127.00159365449464,verified,exact,False,True,True,True,True
wildflower-candidate-183,cardinal-flower,Cardinal Flower,Cardinal Flower,7117.983797123294,3523.535051788567,medium,New Survey Target,New Survey Target,,,,,,,7d0e917b-cc24-476a-a613-31888519e0f9,Vanilla Flower,vanilla-flower,19.491456517161218,unverified,exact,True,True,True,True,True
wildflower-candidate-184,cardinal-flower,Cardinal Flower,Cardinal Flower,7669.6254522779245,3519.3837696356713,medium,New Survey Target,New Survey Target,,,,,,,48fb8fe8-3640-48fe-a527-708eaab8dc18,Milkweed,milkweed,29.732374621893925,unverified,exact,True,True,True,True,True
wildflower-candidate-185,chocolate-daisy,Chocolate Daisy,Chocolate Daisy,4472.18336207092,3487.0253101482267,medium,Already Covered,Already Covered,242cb21c-b563-43de-8987-3cc82d30a36e,Chocolate Daisy,chocolate-daisy,2.1837533523091865,verified,exact,242cb21c-b563-43de-8987-3cc82d30a36e,Chocolate Daisy,chocolate-daisy,2.1837533523091865,verified,exact,False,False,True,False,False
wildflower-candidate-186,wisteria,Wisteria,Wisteria,4243.376427994977,3454.33459237622,medium,Already Covered,Already Covered,4bb2713f-8309-4217-9ed2-a4dbda2feb52,Wisteria,wisteria,66.90764442176216,verified,exact,dbc30758-5a71-46e5-8e79-7ae55ab7d386,Indian Tobacco,indian-tobacco,28.02516650919597,verified,exact,False,False,True,False,False
wildflower-candidate-187,cardinal-flower,Cardinal Flower,Cardinal Flower,7289.69187351465,3388.5609868679767,medium,New Survey Target,New Survey Target,,,,,,,749bf0c7-ae0e-4162-9a8d-0405149f5ecd,Vanilla Flower,vanilla-flower,49.72402231753292,unverified,exact,True,True,True,True,True
wildflower-candidate-188,chocolate-daisy,Chocolate Daisy,Chocolate Daisy,4361.96371012659,3319.366472889489,medium,Already Covered,Already Covered,ad793c85-c3c8-456b-8cb3-add4572d1030,Chocolate Daisy,chocolate-daisy,14.90323928721732,verified,exact,ad793c85-c3c8-456b-8cb3-add4572d1030,Chocolate Daisy,chocolate-daisy,14.90323928721732,verified,exact,False,False,True,False,False
wildflower-candidate-189,cardinal-flower,Cardinal Flower,Cardinal Flower,7191.696574454692,3274.0648120025726,medium,New Survey Target,New Survey Target,,,,,,,806ec1f1-3df0-4689-9b02-171264664fae,Vanilla Flower,vanilla-flower,162.2522496842631,verified,exact,False,False,True,False,False
wildflower-candidate-190,cardinal-flower,Cardinal Flower,Cardinal Flower,7579.981956353804,3126.7978846785836,medium,New Survey Target,New Survey Target,,,,,,,074b7f27-2bed-4228-9087-fb556cdc420f,Cardinal Flower,alaskan-ginseng,388.47704436058984,verified,exact,False,False,True,False,False
wildflower-candidate-191,wisteria,Wisteria,Wisteria,3702.1771646020507,3106.784195805546,medium,Already Covered,Already Covered,787b2de1-644a-4150-9ede-06f8004120cb,Wisteria,wisteria,64.93450825945213,verified,exact,787b2de1-644a-4150-9ede-06f8004120cb,Wisteria,wisteria,64.93450825945213,verified,exact,False,False,True,False,False
wildflower-candidate-192,cardinal-flower,Cardinal Flower,Cardinal Flower,7445.186982229162,3049.111695863451,medium,New Survey Target,New Survey Target,,,,,,,749bf0c7-ae0e-4162-9a8d-0405149f5ecd,Vanilla Flower,vanilla-flower,406.33607062153186,unverified,exact,False,False,True,False,False
wildflower-candidate-193,wisteria,Wisteria,Wisteria,3920.9215561509955,2902.2826726103067,medium,Possible Match,Possible Match,03397457-8579-4c40-8b2e-63ba5ba6ea6c,Wisteria,wisteria,147.0306226908538,verified,exact,a11bb51a-7886-46fd-a3aa-980338f4a770,Creeping Thyme,creeping-thyme,124.81305522190328,verified,exact,True,False,True,False,False
wildflower-candidate-194,cardinal-flower,Cardinal Flower,Cardinal Flower,7371.743264772348,2881.448742535118,medium,New Survey Target,New Survey Target,,,,,,,749bf0c7-ae0e-4162-9a8d-0405149f5ecd,Vanilla Flower,vanilla-flower,554.7774754771063,unverified,exact,False,False,True,False,False
wildflower-candidate-195,texas-bluebonnet,Texas Bluebonnet,Texas Bluebonnet,4936.396088496958,2824.467742285052,medium,Already Covered,Already Covered,ed8abe25-aef6-4fac-bac2-1d763eaefb54,Texas Bluebonnet,texas-bluebonnet,42.003990429851676,verified,approximate,ed8abe25-aef6-4fac-bac2-1d763eaefb54,Texas Bluebonnet,texas-bluebonnet,42.003990429851676,verified,approximate,False,False,True,False,False
wildflower-candidate-196,creek-plum,Creek Plum,Creek Plum,7191.970910013092,2848.7525366703176,medium,New Survey Target,New Survey Target,,,,,,,806ec1f1-3df0-4689-9b02-171264664fae,Vanilla Flower,vanilla-flower,582.3583928252648,verified,exact,False,False,True,False,False
wildflower-candidate-197,cardinal-flower,Cardinal Flower,Cardinal Flower,7516.875116982386,2771.0148969852416,medium,New Survey Target,New Survey Target,,,,,,,749bf0c7-ae0e-4162-9a8d-0405149f5ecd,Vanilla Flower,vanilla-flower,692.9632675488699,unverified,exact,False,False,True,False,False
wildflower-candidate-198,wisteria,Wisteria,Wisteria,4160.054816944704,2763.21152045316,medium,Possible Match,Possible Match,03397457-8579-4c40-8b2e-63ba5ba6ea6c,Wisteria,wisteria,177.14941348699622,verified,exact,41c273e5-1a55-403c-ab93-55824fe65e0c,Bay Bolete,bay-bolete,51.130909941446966,verified,exact,True,False,True,False,False
wildflower-candidate-199,wild-rhubarb,Wild Rhubarb,Wild Rhubarb,2924.0618454528517,2628.3950095298615,medium,Already Covered,Already Covered,fb5c1e6c-9b4f-454d-85b1-a83126122d61,Wild Rhubarb,wild-rhubarb,9.215920542778766,verified,approximate,fb5c1e6c-9b4f-454d-85b1-a83126122d61,Wild Rhubarb,wild-rhubarb,9.215920542778766,verified,approximate,False,False,True,False,False
wildflower-candidate-200,agarita,Agarita,Agarita,1972.0713638711065,2477.1885489666083,medium,New Survey Target,New Survey Target,,,,,,,e5d67102-6bd3-4f77-9956-08c973e029a2,Wild Rhubarb,wild-rhubarb,412.55512357140657,verified,approximate,False,False,True,False,False
wildflower-candidate-201,bitterweed,Bitterweed,Bitterweed,3001.8028052053382,2468.8942168000085,medium,New Survey Target,New Survey Target,d20dfd1d-4790-4e45-b076-dbe4fa76e8a3,Bitterweed,bitterweed,2541.659236196761,verified,exact,dbc994ff-75f5-4e41-9a58-b0353b4b51a6,Wild Rhubarb,wild-rhubarb,164.9223474572572,verified,approximate,False,False,True,False,False
wildflower-candidate-202,texas-bluebonnet,Texas Bluebonnet,Texas Bluebonnet,1622.8002242322073,2321.8250894871326,medium,New Survey Target,New Survey Target,06767974-0192-419a-b7be-fe014f3d7ce8,Texas Blue Bonnet,texas-bluebonnet,669.0760058245636,verified,approximate,e5d67102-6bd3-4f77-9956-08c973e029a2,Wild Rhubarb,wild-rhubarb,319.66510460512364,verified,approximate,False,False,True,False,False
wildflower-candidate-203,bitterweed,Bitterweed,Bitterweed,4211.449044761842,2272.4608706141544,medium,New Survey Target,New Survey Target,d20dfd1d-4790-4e45-b076-dbe4fa76e8a3,Bitterweed,bitterweed,2420.626369072515,verified,exact,5e6fc983-1adf-488b-8bf7-101070137bfc,Wild Rhubarb,wild-rhubarb,252.1758650613952,verified,approximate,False,False,True,False,False
wildflower-candidate-204,bitterweed,Bitterweed,Bitterweed,3465.7174554958083,2268.4547942497647,medium,New Survey Target,New Survey Target,d20dfd1d-4790-4e45-b076-dbe4fa76e8a3,Bitterweed,bitterweed,2542.7560623737127,verified,exact,2ce961c0-9a98-4f97-b6c7-c8582092ab76,Wild Rhubarb,wild-rhubarb,5.141194747441366,verified,approximate,True,True,True,True,True
wildflower-candidate-205,bitterweed,Bitterweed,Bitterweed,3649.6340577200904,2211.1806383762914,medium,New Survey Target,New Survey Target,d20dfd1d-4790-4e45-b076-dbe4fa76e8a3,Bitterweed,bitterweed,2549.230753474051,verified,exact,40aea4b7-d9c8-4ed9-b5d8-a9bbc6bed597,Wild Rhubarb,wild-rhubarb,5.879470253888473,verified,approximate,True,True,True,True,True
wildflower-candidate-206,bitterweed,Bitterweed,Bitterweed,3165.4597924383343,2145.8021755492073,medium,New Survey Target,New Survey Target,d20dfd1d-4790-4e45-b076-dbe4fa76e8a3,Bitterweed,bitterweed,2761.4714865869123,verified,exact,a680deda-bc40-4df3-b531-2edbbb942787,Wild Rhubarb,wild-rhubarb,14.838680290406433,verified,approximate,True,True,True,True,True
wildflower-candidate-207,bitterweed,Bitterweed,Bitterweed,4403.582920184669,2145.6636012061626,medium,New Survey Target,New Survey Target,d20dfd1d-4790-4e45-b076-dbe4fa76e8a3,Bitterweed,bitterweed,2553.1085811455523,verified,exact,5e6fc983-1adf-488b-8bf7-101070137bfc,Wild Rhubarb,wild-rhubarb,453.16003328773616,verified,approximate,False,False,True,False,False
wildflower-candidate-208,bitterweed,Bitterweed,Bitterweed,3371.8189227465386,2137.599997607438,medium,New Survey Target,New Survey Target,d20dfd1d-4790-4e45-b076-dbe4fa76e8a3,Bitterweed,bitterweed,2696.2901657449315,verified,exact,e6af6c00-51a5-4afa-b2ad-1b6d4fc511c2,Wild Rhubarb,wild-rhubarb,102.81891180429903,verified,approximate,True,True,True,True,True
wildflower-candidate-209,agarita,Agarita,Agarita,1453.3541961907174,2117.3670136931787,medium,New Survey Target,New Survey Target,,,,,,,0a0a9492-5519-417c-a7ba-8ed497705687,Creeping Thyme,creeping-thyme,350.70323150514633,verified,exact,False,False,True,False,False
wildflower-candidate-210,agarita,Agarita,Agarita,3500.6349314453328,1982.1830292232225,medium,New Survey Target,New Survey Target,,,,,,,f84f17aa-bf06-433c-959c-a92ecf30dbb7,Wild Rhubarb,wild-rhubarb,170.1901303243798,verified,approximate,False,False,True,False,False
wildflower-candidate-211,texas-bluebonnet,Texas Bluebonnet,Texas Bluebonnet,1245.0548342453842,1966.0773170558841,medium,Possible Match,Possible Match,06767974-0192-419a-b7be-fe014f3d7ce8,Texas Blue Bonnet,texas-bluebonnet,277.5119110755826,verified,approximate,06767974-0192-419a-b7be-fe014f3d7ce8,Texas Blue Bonnet,texas-bluebonnet,277.5119110755826,verified,approximate,False,False,True,False,False
wildflower-candidate-212,bitterweed,Bitterweed,Bitterweed,4176.92724509847,1945.3014692960978,medium,New Survey Target,New Survey Target,d20dfd1d-4790-4e45-b076-dbe4fa76e8a3,Bitterweed,bitterweed,2748.250393243823,verified,exact,174d1fa5-22c1-4853-8bef-9d22d8abb1b0,English Mace,english-mace,217.84697022326588,verified,exact,False,False,True,False,False
wildflower-candidate-213,bitterweed,Bitterweed,Bitterweed,3854.129453806489,1924.8898936955047,medium,New Survey Target,New Survey Target,d20dfd1d-4790-4e45-b076-dbe4fa76e8a3,Bitterweed,bitterweed,2793.7823305164034,verified,exact,59694e1b-d266-4a7a-be55-e51e4468f333,English Mace,english-mace,85.93957505565758,verified,exact,True,True,True,True,True
wildflower-candidate-214,bitterweed,Bitterweed,Bitterweed,3423.1181882549995,1794.072827691136,medium,New Survey Target,New Survey Target,d20dfd1d-4790-4e45-b076-dbe4fa76e8a3,Bitterweed,bitterweed,3009.662528544113,verified,exact,6fe29e2b-583f-4fdb-9023-a482b6dcd7a4,Creeping Thyme,creeping-thyme,39.686000582360116,verified,exact,True,True,True,True,True
wildflower-candidate-215,texas-bluebonnet,Texas Bluebonnet,Texas Bluebonnet,1960.3297360558417,1675.639863632864,medium,New Survey Target,New Survey Target,ea019f47-bdd8-42e9-9d30-36c3fdc79506,Texas Bluebonnet,texas-bluebonnet,569.4239386030151,verified,approximate,3b7beeab-a5db-4b09-a6c1-9ebfdd17719c,Wild Rhubarb,wild-rhubarb,195.78479997102588,verified,approximate,False,False,True,False,False
wildflower-candidate-216,texas-bluebonnet,Texas Bluebonnet,Texas Bluebonnet,1167.6567939408967,1593.9377656204188,medium,Already Covered,Already Covered,c80b373d-e8bb-414c-b9c8-b8e33d37799f,Texas Blue Bonnet,texas-bluebonnet,10.545362395107366,verified,approximate,c80b373d-e8bb-414c-b9c8-b8e33d37799f,Texas Blue Bonnet,texas-bluebonnet,10.545362395107366,verified,approximate,False,False,True,False,False
wildflower-candidate-217,texas-bluebonnet,Texas Bluebonnet,Texas Bluebonnet,2561.0903814682047,1540.6177779003274,medium,Already Covered,Already Covered,ea019f47-bdd8-42e9-9d30-36c3fdc79506,Texas Bluebonnet,texas-bluebonnet,104.82339612707077,verified,approximate,ea019f47-bdd8-42e9-9d30-36c3fdc79506,Texas Bluebonnet,texas-bluebonnet,104.82339612707077,verified,approximate,False,False,True,False,False
wildflower-candidate-218,agarita,Agarita,Agarita,2841.083153850577,1405.6315934414843,medium,New Survey Target,New Survey Target,,,,,,,ea019f47-bdd8-42e9-9d30-36c3fdc79506,Texas Bluebonnet,texas-bluebonnet,390.741216308795,verified,approximate,False,False,True,False,False
wildflower-candidate-219,texas-bluebonnet,Texas Bluebonnet,Texas Bluebonnet,1641.8159978499943,1348.5122475189055,medium,New Survey Target,New Survey Target,06767974-0192-419a-b7be-fe014f3d7ce8,Texas Blue Bonnet,texas-bluebonnet,463.3213871640516,verified,approximate,8bb8bfe2-cc6d-4137-b13e-f313144a1eab,Parasol Mushroom,parasol-mushroom,391.8862158126226,verified,exact,False,False,True,False,False
wildflower-candidate-220,texas-bluebonnet,Texas Bluebonnet,Texas Bluebonnet,1267.9853630822288,1258.584189829251,medium,New Survey Target,New Survey Target,c80b373d-e8bb-414c-b9c8-b8e33d37799f,Texas Blue Bonnet,texas-bluebonnet,343.9570747304646,verified,approximate,8bb8bfe2-cc6d-4137-b13e-f313144a1eab,Parasol Mushroom,parasol-mushroom,8.898096815258878,verified,exact,True,True,True,True,True
